id,inning,over,ball,batsman,non_striker,bowler,batsman_runs,extra_runs,total_runs,non_boundary,is_wicket,dismissal_kind,player_dismissed,fielder,extras_type,batting_team,bowling_team
1254058,1,0,1,RG Sharma,CA Lynn,Mohammed Siraj,2,0,2,0,0,NA,NA,NA,NA,Mumbai Indians,Royal Challengers Bangalore
1254058,1,0,2,RG Sharma,CA Lynn,Mohammed Siraj,0,0,0,0,0,NA,NA,NA,NA,Mumbai Indians,Royal Challengers Bangalore
1254058,1,0,3,RG Sharma,CA Lynn,Mohammed Siraj,0,0,0,0,0,NA,NA,NA,NA,Mumbai Indians,Royal Challengers Bangalore
1254058,1,0,4,RG Sharma,CA Lynn,Mohammed Siraj,2,0,2,0,0,NA,NA,NA,NA,Mumbai Indians,Royal Challengers Bangalore
1254058,1,0,5,RG Sharma,CA Lynn,Mohammed Siraj,0,0,0,0,0,NA,NA,NA,NA,Mumbai Indians,Royal Challengers Bangalore
1254058,1,0,6,RG Sharma,CA Lynn,Mohammed Siraj,1,0,1,0,0,NA,NA,NA,NA,Mumbai Indians,Royal Challengers Bangalore
1254058,1,1,1,RG Sharma,CA Lynn,KA Jamieson,1,0,1,0,0,NA,NA,NA,NA,Mumbai Indians,Royal Challengers Bangalore
1254058,1,1,2,CA Lynn,RG Sharma,KA Jamieson,0,0,0,0,0,NA,NA,NA,NA,Mumbai Indians,Royal Challengers Bangalore
1254058,1,1,3,CA Lynn,RG Sharma,KA Jamieson,0,0,0,0,0,NA,NA,NA,NA,Mumbai Indians,Royal Challengers Bangalore
1254058,1,1,4,CA Lynn,RG Sharma,KA Jamieson,0,0,0,0,0,NA,NA,NA,NA,Mumbai Indians,Royal Challengers Bangalore
1254058,1,1,5,CA Lynn,RG Sharma,KA Jamieson,0,0,0,0,0,NA,NA,NA,NA,Mumbai Indians,Royal Challengers Bangalore
1254058,1,1,6,CA Lynn,RG Sharma,KA Jamieson,0,0,0,0,0,NA,NA,NA,NA,Mumbai Indians,Royal Challengers Bangalore
1254058,1,2,1,RG Sharma,CA Lynn,Mohammed Siraj,0,0,0,0,0,NA,NA,NA,NA,Mumbai Indians,Royal Challengers Bangalore
1254058,1,2,2,RG Sharma,CA Lynn,Mohammed Siraj,0,0,0,0,0,NA,NA,NA,NA,Mumbai Indians,Royal Challengers Bangalore
1254058,1,2,3,RG Sharma,CA Lynn,Mohammed Siraj,0,0,0,0,0,NA,NA,NA,NA,Mumbai Indians,Royal Challengers Bangalore
1254058,1,2,4,RG Sharma,CA Lynn,Mohammed Siraj,0,0,0,0,0,NA,NA,NA,NA,Mumbai Indians,Royal Challengers Bangalore
1254058,1,2,5,RG Sharma,CA Lynn,Mohammed Siraj,4,0,4,0,0,NA,NA,NA,NA,Mumbai Indians,Royal Challengers Bangalore
1254058,1,2,6,RG Sharma,CA Lynn,Mohammed Siraj,2,0,2,0,0,NA,NA,NA,NA,Mumbai Indians,Royal Challengers Bangalore
1254058,1,3,1,CA Lynn,RG Sharma,YS Chahal,0,0,0,0,0,NA,NA,NA,NA,Mumbai Indians,Royal Challengers Bangalore
1254058,1,3,2,CA Lynn,RG Sharma,YS Chahal,4,0,4,0,0,NA,NA,NA,NA,Mumbai Indians,Royal Challengers Bangalore
1254058,1,3,3,CA Lynn,RG Sharma,YS Chahal,1,0,1,0,0,NA,NA,NA,NA,Mumbai Indians,Royal Challengers Bangalore
1254058,1,3,4,RG Sharma,CA Lynn,YS Chahal,6,0,6,0,0,NA,NA,NA,NA,Mumbai Indians,Royal Challengers Bangalore
1254058,1,3,5,RG Sharma,CA Lynn,YS Chahal,1,0,1,0,0,NA,NA,NA,NA,Mumbai Indians,Royal Challengers Bangalore
1254058,1,3,6,CA Lynn,RG Sharma,YS Chahal,0,0,0,0,1,run out,RG Sharma,NA,NA,Mumbai Indians,Royal Challengers Bangalore
1254058,1,4,1,SA Yadav,CA Lynn,KA Jamieson,4,0,100,0,0,NA,NA,NA,NA,Mumbai Indians,Royal Challengers Bangalore
1254058,1,4,2,SA Yadav,CA Lynn,KA Jamieson,0,0,0,0,0,NA,NA,NA,NA,Mumbai Indians,Royal Challengers Bangalore
1254058,1,4,3,SA Yadav,CA Lynn,KA Jamieson,1,0,1,0,0,NA,NA,NA,NA,Mumbai Indians,Royal Challengers Bangalore
1254058,1,4,4,CA Lynn,SA Yadav,KA Jamieson,1,0,1,0,0,NA,NA,NA,NA,Mumbai Indians,Royal Challengers Bangalore
1254058,1,4,5,SA Yadav,CA Lynn,KA Jamieson,0,0,0,0,0,NA,NA,NA,NA,Mumbai Indians,Royal Challengers Bangalore
1254058,1,4,6,SA Yadav,CA Lynn,KA Jamieson,0,0,0,0,0,NA,NA,NA,NA,Mumbai Indians,Royal Challengers Bangalore
1254058,1,5,1,CA Lynn,SA Yadav,YS Chahal,0,0,0,0,0,NA,NA,NA,NA,Mumbai Indians,Royal Challengers Bangalore
1254058,1,5,2,CA Lynn,SA Yadav,YS Chahal,6,0,6,0,0,NA,NA,NA,NA,Mumbai Indians,Royal Challengers Bangalore
1254058,1,5,3,CA Lynn,SA Yadav,YS Chahal,0,0,0,0,0,NA,NA,NA,NA,Mumbai Indians,Royal Challengers Bangalore
1254058,1,5,4,CA Lynn,SA Yadav,YS Chahal,1,0,1,0,0,NA,NA,NA,NA,Mumbai Indians,Royal Challengers Bangalore
1254058,1,5,5,SA Yadav,CA Lynn,YS Chahal,0,0,0,0,0,NA,NA,NA,NA,Mumbai Indians,Royal Challengers Bangalore
1254058,1,5,6,SA Yadav,CA Lynn,YS Chahal,4,0,4,0,0,NA,NA,NA,NA,Mumbai Indians,Royal Challengers Bangalore
1254058,1,6,1,CA Lynn,SA Yadav,Shahbaz Ahmed,1,0,1,0,0,NA,NA,NA,NA,MI,Royal Challengers Bangalore
1254058,1,6,2,SA Yadav,CA Lynn,Shahbaz Ahmed,1,0,1,0,0,NA,NA,NA,NA,Mumbai Indians,Royal Challengers Bangalore
1254058,1,6,3,CA Lynn,SA Yadav,Shahbaz Ahmed,4,0,4,0,0,NA,NA,NA,NA,Mumbai Indians,Royal Challengers Bangalore
1254058,1,6,4,CA Lynn,SA Yadav,Shahbaz Ahmed,6,0,6,0,0,NA,NA,NA,NA,Mumbai Indians,Royal Challengers Bangalore
1254058,1,6,5,CA Lynn,SA Yadav,Shahbaz Ahmed,1,0,1,0,0,NA,NA,NA,NA,Mumbai Indians,Royal Challengers Bangalore
1254058,1,6,6,SA Yadav,CA Lynn,Shahbaz Ahmed,1,0,1,0,0,NA,NA,NA,NA,Mumbai Indians,Royal Challengers Bangalore
1254058,1,7,1,SA Yadav,CA Lynn,HV Patel,1,1,2,0,0,NA,NA,NA,noballs,Mumbai Indians,RCB
1254058,1,7,2,CA Lynn,SA Yadav,HV Patel,6,0,6,0,0,NA,NA,NA,NA,Mumbai Indians,Royal Challengers Bangalore
1254058,1,7,3,CA Lynn,SA Yadav,HV Patel,1,0,1,0,0,NA,NA,NA,NA,Mumbai Indians,Royal Challengers Bangalore
1254058,1,7,4,SA Yadav,CA Lynn,HV Patel,0,0,0,0,0,NA,NA,NA,NA,Mumbai Indians,Royal Challengers Bangalore
1254058,1,7,5,SA Yadav,CA Lynn,HV Patel,4,0,4,0,0,NA,NA,NA,NA,Mumbai Indians,Royal Challengers Bangalore
1254058,1,7,6,SA Yadav,CA Lynn,HV Patel,1,0,1,0,0,NA,NA,NA,NA,Mumbai Indians,Royal Challengers Bangalore
1254058,1,7,7,CA Lynn,SA Yadav,HV Patel,1,0,1,0,0,NA,NA,NA,NA,Mumbai Indians,Royal Challengers Bangalore
1254058,1,8,1,CA Lynn,SA Yadav,DT Christian,1,0,1,0,0,NA,NA,NA,NA,Mumbai Indians,Royal Challengers Bangalore
1254058,1,8,2,SA Yadav,CA Lynn,DT Christian,4,0,4,0,0,NA,NA,NA,NA,Mumbai Indians,Royal Challengers Bangalore
1254058,1,8,3,SA Yadav,CA Lynn,DT Christian,1,0,1,0,0,NA,NA,NA,NA,Mumbai Indians,Royal Challengers Bangalore
1254058,1,8,4,CA Lynn,SA Yadav,DT Christian,2,0,2,0,0,NA,NA,NA,NA,Mumbai Indians,Royal Challengers Bangalore
1254058,1,8,5,CA Lynn,SA Yadav,DT Christian,0,1,1,0,0,NA,NA,NA,wides,Mumbai Indians,Royal Challengers Bangalore
1254058,1,8,6,CA Lynn,SA Yadav,DT Christian,4,0,4,0,0,NA,NA,NA,NA,Mumbai Indians,Royal Challengers Bangalore
1254058,1,8,7,CA Lynn,SA Yadav,DT Christian,0,0,0,0,0,NA,NA,NA,NA,Mumbai Indians,Royal Challengers Bangalore
1254058,1,9,1,SA Yadav,CA Lynn,YS Chahal,0,0,0,0,0,NA,NA,NA,NA,Mumbai Indians,Royal Challengers Bangalore
1254058,1,9,2,SA Yadav,CA Lynn,YS Chahal,1,0,1,0,0,NA,NA,NA,NA,Mumbai Indians,Royal Challengers Bangalore
1254058,1,9,3,CA Lynn,SA Yadav,YS Chahal,1,0,1,0,0,NA,NA,NA,NA,Mumbai Indians,Royal Challengers Bangalore
1254058,1,9,4,SA Yadav,CA Lynn,YS Chahal,1,0,1,0,0,NA,NA,NA,NA,Mumbai Indians,Royal Challengers Bangalore
1254058,1,9,5,CA Lynn,SA Yadav,YS Chahal,0,0,0,0,0,NA,NA,NA,NA,Mumbai Indians,Royal Challengers Bangalore
1254058,1,9,6,CA Lynn,SA Yadav,YS Chahal,0,0,0,0,0,NA,NA,NA,NA,Mumbai Indians,Royal Challengers Bangalore
1254058,1,10,1,SA Yadav,CA Lynn,KA Jamieson,1,0,1,0,0,NA,NA,NA,NA,Mumbai Indians,Royal Challengers Bangalore
1254058,1,10,2,CA Lynn,SA Yadav,KA Jamieson,1,0,1,0,0,NA,NA,NA,NA,Mumbai Indians,Royal Challengers Bangalore
1254058,1,10,3,SA Yadav,CA Lynn,KA Jamieson,0,0,0,0,0,NA,NA,NA,NA,Mumbai Indians,Royal Challengers Bangalore
1254058,1,10,4,SA Yadav,CA Lynn,KA Jamieson,6,0,6,0,0,NA,NA,NA,NA,Mumbai Indians,Royal Challengers Bangalore
1254058,1,10,5,SA Yadav,CA Lynn,KA Jamieson,0,0,0,0,0,NA,NA,NA,NA,Mumbai Indians,Royal Challengers Bangalore
1254058,1,10,6,SA Yadav,CA Lynn,KA Jamieson,0,0,0,0,1,caught,SA Yadav,AB de Villiers,NA,Mumbai Indians,Royal Challengers Bangalore
1254058,1,11,1,CA Lynn,Ishan Kishan,Mohammed Siraj,1,0,1,0,0,NA,NA,NA,NA,Mumbai Indians,Royal Challengers Bangalore
1254058,1,11,2,Ishan Kishan,CA Lynn,Mohammed Siraj,0,0,0,0,0,NA,NA,NA,NA,Mumbai Indians,Royal Challengers Bangalore
1254058,1,11,3,Ishan Kishan,CA Lynn,Mohammed Siraj,1,0,1,0,0,NA,NA,NA,NA,Mumbai Indians,Royal Challengers Bangalore
1254058,1,11,4,CA Lynn,Ishan Kishan,Mohammed Siraj,0,0,0,0,0,NA,NA,NA,NA,Mumbai Indians,Royal Challengers Bangalore
1254058,1,11,5,CA Lynn,Ishan Kishan,Mohammed Siraj,1,0,1,0,0,NA,NA,NA,NA,Mumbai Indians,Royal Challengers Bangalore
1254058,1,11,6,Ishan Kishan,CA Lynn,Mohammed Siraj,1,0,1,0,0,NA,NA,NA,NA,MI,Royal Challengers Bangalore
1254058,1,12,1,Ishan Kishan,CA Lynn,Washington Sundar,1,0,1,0,0,NA,NA,NA,NA,Mumbai Indians,Royal Challengers Bangalore
1254058,1,12,2,CA Lynn,Ishan Kishan,Washington Sundar,4,0,4,0,0,NA,NA,NA,NA,Mumbai Indians,Royal Challengers Bangalore
1254058,1,12,3,CA Lynn,Ishan Kishan,Washington Sundar,1,0,1,0,0,NA,NA,NA,NA,Mumbai Indians,Royal Challengers Bangalore
1254058,1,12,4,Ishan Kishan,CA Lynn,Washington Sundar,1,0,1,0,0,NA,NA,NA,NA,Mumbai Indians,Royal Challengers Bangalore
1254058,1,12,5,CA Lynn,Ishan Kishan,Washington Sundar,0,0,0,0,1,caught and bowled,CA Lynn,NA,NA,Mumbai Indians,Royal Challengers Bangalore
1254058,1,12,6,Ishan Kishan,HH Pandya,Washington Sundar,0,0,0,0,0,NA,NA,NA,NA,Mumbai Indians,Royal Challengers Bangalore
1254058,1,13,1,HH Pandya,Ishan Kishan,YS Chahal,1,0,1,0,0,NA,NA,NA,NA,Mumbai Indians,Royal Challengers Bangalore
1254058,1,13,2,Ishan Kishan,HH Pandya,YS Chahal,2,0,2,0,0,NA,NA,NA,NA,Mumbai Indians,Royal Challengers Bangalore
1254058,1,13,3,Ishan Kishan,HH Pandya,YS Chahal,6,0,6,0,0,NA,NA,NA,NA,Mumbai Indians,Royal Challengers Bangalore
1254058,1,13,4,Ishan Kishan,HH Pandya,YS Chahal,4,0,4,0,0,NA,NA,NA,NA,Mumbai Indians,Royal Challengers Bangalore
1254058,1,13,5,Ishan Kishan,HH Pandya,YS Chahal,1,0,1,0,0,NA,NA,NA,NA,Mumbai Indians,Royal Challengers Bangalore
1254058,1,13,6,HH Pandya,Ishan Kishan,YS Chahal,1,0,1,0,0,NA,NA,NA,NA,Mumbai Indians,Royal Challengers Bangalore
1254058,1,14,1,HH Pandya,Ishan Kishan,DT Christian,0,0,0,0,0,NA,NA,NA,NA,Mumbai Indians,Royal Challengers Bangalore
1254058,1,14,2,HH Pandya,Ishan Kishan,DT Christian,4,0,4,0,0,NA,NA,NA,NA,Mumbai Indians,Royal Challengers Bangalore
1254058,1,14,3,HH Pandya,Ishan Kishan,DT Christian,0,0,0,0,0,NA,NA,NA,NA,Mumbai Indians,Royal Challengers Bangalore
1254058,1,14,4,HH Pandya,Ishan Kishan,DT Christian,1,0,1,0,0,NA,NA,NA,NA,Mumbai Indians,Royal Challengers Bangalore
1254058,1,14,5,Ishan Kishan,HH Pandya,DT Christian,2,0,2,0,0,NA,NA,NA,NA,Mumbai Indians,Royal Challengers Bangalore
1254058,1,14,6,Ishan Kishan,HH Pandya,DT Christian,1,0,1,0,0,NA,NA,NA,NA,Mumbai Indians,Royal Challengers Bangalore
1254058,1,15,1,Ishan Kishan,HH Pandya,HV Patel,0,0,0,0,0,NA,NA,NA,NA,Mumbai Indians,Royal Challengers Bangalore
1254058,1,15,2,Ishan Kishan,HH Pandya,HV Patel,1,0,1,0,0,NA,NA,NA,NA,Mumbai Indians,Royal Challengers Bangalore
1254058,1,15,3,HH Pandya,Ishan Kishan,HV Patel,2,0,2,0,0,NA,NA,NA,NA,Mumbai Indians,Royal Challengers Bangalore
1254058,1,15,4,HH Pandya,Ishan Kishan,HV Patel,4,0,4,0,0,NA,NA,NA,NA,Mumbai Indians,Royal Challengers Bangalore
1254058,1,15,5,HH Pandya,Ishan Kishan,HV Patel,0,0,0,0,0,NA,NA,NA,NA,Mumbai Indians,Royal Challengers Bangalore
1254058,1,15,6,HH Pandya,Ishan Kishan,HV Patel,0,0,0,0,1,lbw,HH Pandya,NA,NA,Mumbai Indians,Royal Challengers Bangalore
1254058,1,16,1,Ishan Kishan,KA Pollard,Mohammed Siraj,0,1,1,0,0,NA,NA,NA,wides,Mumbai Indians,Royal Challengers Bangalore
1254058,1,16,2,Ishan Kishan,KA Pollard,Mohammed Siraj,4,0,4,0,0,NA,NA,NA,NA,Mumbai Indians,Royal Challengers Bangalore
1254058,1,16,3,Ishan Kishan,KA Pollard,Mohammed Siraj,1,0,1,0,0,NA,NA,NA,NA,Mumbai Indians,Royal Challengers Bangalore
1254058,1,16,4,KA Pollard,Ishan Kishan,Mohammed Siraj,0,0,0,0,0,NA,NA,NA,NA,Mumbai Indians,Royal Challengers Bangalore
1254058,1,16,5,KA Pollard,Ishan Kishan,Mohammed Siraj,0,0,0,0,0,NA,NA,NA,NA,Mumbai Indians,Royal Challengers Bangalore
1254058,1,16,6,KA Pollard,Ishan Kishan,Mohammed Siraj,1,0,1,0,0,NA,NA,NA,NA,Mumbai Indians,Royal Challengers Bangalore
1254058,1,16,7,Ishan Kishan,KA Pollard,Mohammed Siraj,0,0,0,0,0,NA,NA,NA,NA,Mumbai Indians,Royal Challengers Bangalore
1254058,1,17,1,KA Pollard,Ishan Kishan,HV Patel,0,0,0,0,0,NA,NA,NA,NA,Mumbai Indians,Royal Challengers Bangalore
1254058,1,17,2,KA Pollard,Ishan Kishan,HV Patel,1,0,1,0,0,NA,NA,NA,NA,Mumbai Indians,Royal Challengers Bangalore
1254058,1,17,3,Ishan Kishan,KA Pollard,HV Patel,2,0,2,0,0,NA,NA,NA,NA,Mumbai Indians,Royal Challengers Bangalore
1254058,1,17,4,Ishan Kishan,KA Pollard,HV Patel,0,0,0,0,1,lbw,Ishan Kishan,NA,NA,Mumbai Indians,Royal Challengers Bangalore
1254058,1,17,5,KH Pandya,KA Pollard,HV Patel,0,0,0,0,0,NA,NA,NA,NA,Mumbai Indians,Royal Challengers Bangalore
1254058,1,17,6,KH Pandya,KA Pollard,HV Patel,1,0,1,0,0,NA,NA,NA,NA,Mumbai Indians,Royal Challengers Bangalore
1254058,1,18,1,KH Pandya,KA Pollard,KA Jamieson,1,0,1,0,0,NA,NA,NA,NA,Mumbai Indians,Royal Challengers Bangalore
1254058,1,18,2,KA Pollard,KH Pandya,KA Jamieson,1,0,1,0,0,NA,NA,NA,NA,Mumbai Indians,Royal Challengers Bangalore
1254058,1,18,3,KH Pandya,KA Pollard,KA Jamieson,4,1,5,0,0,NA,NA,NA,noballs,Mumbai Indians,Royal Challengers Bangalore
1254058,1,18,4,KH Pandya,KA Pollard,KA Jamieson,0,0,0,0,0,NA,NA,NA,NA,Mumbai Indians,Royal Challengers Bangalore
1254058,1,18,5,KH Pandya,KA Pollard,KA Jamieson,1,0,1,0,0,NA,NA,NA,NA,Mumbai Indians,Royal Challengers Bangalore
1254058,1,18,6,KA Pollard,KH Pandya,KA Jamieson,4,0,4,0,0,NA,NA,NA,NA,Mumbai Indians,Royal Challengers Bangalore
1254058,1,18,7,KA Pollard,KH Pandya,KA Jamieson,0,0,0,0,0,NA,NA,NA,NA,Mumbai Indians,RCB
1254058,1,19,1,KH Pandya,KA Pollard,HV Patel,0,0,0,0,1,caught,KH Pandya,DT Christian,NA,Mumbai Indians,Royal Challengers Bangalore
1254058,1,19,2,KA Pollard,M Jansen,HV Patel,0,0,0,0,1,caught,KA Pollard,Washington Sundar,NA,Mumbai Indians,Royal Challengers Bangalore
1254058,1,19,3,M Jansen,RD Chahar,HV Patel,0,0,0,0,0,NA,NA,NA,NA,Mumbai Indians,Royal Challengers Bangalore
1254058,1,19,4,M Jansen,RD Chahar,HV Patel,0,0,0,0,1,bowled,M Jansen,NA,NA,Mumbai Indians,Royal Challengers Bangalore
1254058,1,19,5,JJ Bumrah,RD Chahar,HV Patel,0,0,0,0,0,NA,NA,NA,NA,Mumbai Indians,Royal Challengers Bangalore
1254058,1,19,6,JJ Bumrah,RD Chahar,HV Patel,1,0,1,0,1,run out,RD Chahar,NA,NA,Mumbai Indians,Royal Challengers Bangalore
1254058,2,0,1,Washington Sundar,V Kohli,TA Boult,0,0,0,0,0,NA,NA,NA,NA,Royal Challengers Bangalore,Mumbai Indians
1254058,2,0,2,Washington Sundar,V Kohli,TA Boult,0,0,0,0,0,NA,NA,NA,NA,Royal Challengers Bangalore,Mumbai Indians
1254058,2,0,3,Washington Sundar,V Kohli,TA Boult,0,5,5,0,0,NA,NA,NA,wides,Royal Challengers Bangalore,Mumbai Indians
1254058,2,0,4,Washington Sundar,V Kohli,TA Boult,0,0,0,0,0,NA,NA,NA,NA,Royal Challengers Bangalore,Mumbai Indians
1254058,2,0,5,Washington Sundar,V Kohli,TA Boult,1,0,1,0,0,NA,NA,NA,NA,Royal Challengers Bangalore,Mumbai Indians
1254058,2,0,6,V Kohli,Washington Sundar,TA Boult,4,0,4,0,0,NA,NA,NA,NA,Royal Challengers Bangalore,Mumbai Indians
1254058,2,0,7,V Kohli,Washington Sundar,TA Boult,0,0,0,0,0,NA,NA,NA,NA,Royal Challengers Bangalore,Mumbai Indians
1254058,2,1,1,Washington Sundar,V Kohli,JJ Bumrah,2,0,2,0,0,NA,NA,NA,NA,Royal Challengers Bangalore,Mumbai Indians
1254058,2,1,2,Washington Sundar,V Kohli,JJ Bumrah,0,0,0,0,0,NA,NA,NA,NA,Royal Challengers Bangalore,Mumbai Indians
1254058,2,1,3,Washington Sundar,V Kohli,JJ Bumrah,0,0,0,0,4,NA,NA,NA,NA,RCB,Mumbai Indians
1254058,2,1,4,Washington Sundar,V Kohli,JJ Bumrah,2,0,2,0,0,NA,NA,NA,NA,Royal Challengers Bangalore,Mumbai Indians
1254058,2,1,5,Washington Sundar,V Kohli,JJ Bumrah,1,0,1,0,0,NA,NA,NA,NA,Royal Challengers Bangalore,Mumbai Indians
1254058,2,1,6,V Kohli,Washington Sundar,JJ Bumrah,0,0,0,0,0,NA,NA,NA,NA,Royal Challengers Bangalore,Mumbai Indians
1254058,2,2,1,Washington Sundar,V Kohli,TA Boult,1,0,1,0,0,NA,NA,NA,NA,Royal Challengers Bangalore,Mumbai Indians
1254058,2,2,2,V Kohli,Washington Sundar,TA Boult,4,0,4,0,0,NA,NA,NA,NA,Royal Challengers Bangalore,Mumbai Indians
1254058,2,2,3,V Kohli,Washington Sundar,TA Boult,0,0,0,0,0,NA,NA,NA,NA,Royal Challengers Bangalore,Mumbai Indians
1254058,2,2,4,V Kohli,Washington Sundar,TA Boult,1,0,1,0,0,NA,NA,NA,NA,Royal Challengers Bangalore,Mumbai Indians
1254058,2,2,5,Washington Sundar,V Kohli,TA Boult,0,0,0,0,0,Not Applicable,NA,NA,NA,Royal Challengers Bangalore,Mumbai Indians
1254058,2,2,6,Washington Sundar,V Kohli,TA Boult,0,0,0,0,0,Not Applicable,NA,NA,NA,Royal Challengers Bangalore,Mumbai Indians
1254058,2,3,1,V Kohli,Washington Sundar,M Jansen,4,0,4,0,0,Not Applicable,NA,NA,NA,Royal Challengers Bangalore,Mumbai Indians
1254058,2,3,2,V Kohli,Washington Sundar,M Jansen,0,1,1,0,0,Not Applicable,NA,NA,legbyes,Royal Challengers Bangalore,Mumbai Indians
1254058,2,3,3,Washington Sundar,V Kohli,M Jansen,0,0,0,0,0,Not Applicable,NA,NA,NA,Royal Challengers Bangalore,Mumbai Indians
1254058,2,3,4,Washington Sundar,V Kohli,M Jansen,1,1,2,0,0,NA,NA,NA,noballs,Royal Challengers Bangalore,Mumbai Indians
1254058,2,3,5,V Kohli,Washington Sundar,M Jansen,4,0,4,0,0,NA,NA,NA,NA,Royal Challengers Bangalore,Mumbai Indians
1254058,2,3,6,V Kohli,Washington Sundar,M Jansen,1,0,1,0,0,NA,NA,NA,NA,Royal Challengers Bangalore,Mumbai Indians
1254058,2,3,7,Washington Sundar,V Kohli,M Jansen,2,0,2,0,0,NA,NA,NA,NA,Royal Challengers Bangalore,Mumbai Indians
1254058,2,4,1,V Kohli,Washington Sundar,KH Pandya,1,0,1,0,0,NA,NA,NA,NA,Royal Challengers Bangalore,Mumbai Indians
1254058,2,4,2,Washington Sundar,V Kohli,KH Pandya,0,0,0,0,1,caught,Washington Sundar,CA Lynn,NA,Royal Challengers Bangalore,Mumbai Indians
1254058,2,4,3,RM Patidar,V Kohli,KH Pandya,1,0,1,0,0,NA,NA,NA,NA,Royal Challengers Bangalore,MI
1254058,2,4,4,V Kohli,RM Patidar,KH Pandya,1,0,1,0,0,NA,NA,NA,NA,Royal Challengers Bangalore,Mumbai Indians
1254058,2,4,5,RM Patidar,V Kohli,KH Pandya,2,0,2,0,0,NA,NA,NA,NA,Royal Challengers Bangalore,Mumbai Indians
1254058,2,4,6,RM Patidar,V Kohli,KH Pandya,1,0,1,0,0,NA,NA,NA,NA,Royal Challengers Bangalore,Mumbai Indians
1254058,2,5,1,RM Patidar,V Kohli,TA Boult,4,0,4,0,0,NA,NA,NA,NA,Royal Challengers Bangalore,Mumbai Indians
1254058,2,5,2,RM Patidar,V Kohli,TA Boult,0,0,0,0,2,NA,NA,NA,NA,Royal Challengers Bangalore,Mumbai Indians
1254058,2,5,3,RM Patidar,V Kohli,TA Boult,0,0,0,0,0,NA,NA,NA,NA,Royal Challengers Bangalore,Mumbai Indians
1254058,2,5,4,RM Patidar,V Kohli,TA Boult,0,1,1,0,0,NA,NA,NA,wides,Royal Challengers Bangalore,Mumbai Indians
1254058,2,5,5,RM Patidar,V Kohli,TA Boult,0,0,0,0,0,NA,NA,NA,NA,Royal Challengers Bangalore,Mumbai Indians
1254058,2,5,6,RM Patidar,V Kohli,TA Boult,0,0,0,0,1,bowled,RM Patidar,NA,NA,Royal Challengers Bangalore,Mumbai Indians
1254058,2,5,7,GJ Maxwell,V Kohli,TA Boult,0,0,0,0,0,NA,NA,NA,NA,Royal Challengers Bangalore,Mumbai Indians
1254058,2,6,1,V Kohli,GJ Maxwell,KH Pandya,0,0,0,0,0,NA,NA,NA,NA,Royal Challengers Bangalore,Mumbai Indians
1254058,2,6,2,V Kohli,GJ Maxwell,KH Pandya,0,0,0,0,0,NA,NA,NA,NA,Royal Challengers Bangalore,Mumbai Indians
1254058,2,6,3,V Kohli,GJ Maxwell,KH Pandya,2,0,2,0,0,NA,NA,NA,NA,Royal Challengers Bangalore,Mumbai Indians
1254058,2,6,4,V Kohli,GJ Maxwell,KH Pandya,0,0,0,0,0,NA,NA,NA,NA,Royal Challengers Bangalore,Mumbai Indians
1254058,2,6,5,V Kohli,GJ Maxwell,KH Pandya,1,0,1,0,0,Not Applicable,NA,NA,NA,Royal Challengers Bangalore,Mumbai Indians
1254058,2,6,6,GJ Maxwell,V Kohli,KH Pandya,1,0,1,0,0,NA,NA,,NA,Royal Challengers Bangalore,Mumbai Indians
1254058,2,7,1,GJ Maxwell,V Kohli,RD Chahar,4,0,4,0,0,NA,NA,NA,NA,Royal Challengers Bangalore,Mumbai Indians
1254058,2,7,2,GJ Maxwell,V Kohli,RD Chahar,1,0,1,0,0,NA,NA,NA,NA,Royal Challengers Bangalore,Mumbai Indians
1254058,2,7,3,V Kohli,GJ Maxwell,RD Chahar,3,0,3,0,0,NA,NA,NA,NA,Royal Challengers Bangalore,Mumbai Indians
1254058,2,7,4,GJ Maxwell,V Kohli,RD Chahar,0,0,0,0,0,,NA,NA,NA,Royal Challengers Bangalore,Mumbai Indians
1254058,2,7,5,GJ Maxwell,V Kohli,RD Chahar,4,0,4,0,0,NA,Not Applicable,NA,NA,Royal Challengers Bangalore,Mumbai Indians
1254058,2,7,6,GJ Maxwell,V Kohli,RD Chahar,1,0,1,0,0,NA,NA,NA,NA,Royal Challengers Bangalore,Mumbai Indians
1254058,2,8,1,GJ Maxwell,V Kohli,KH Pandya,0,0,0,0,0,NA,NA,NA,NA,Royal Challengers Bangalore,Mumbai Indians
1254058,2,8,2,GJ Maxwell,V Kohli,KH Pandya,0,0,0,0,0,NA,NA,NA,NA,Royal Challengers Bangalore,Mumbai Indians
1254058,2,8,3,GJ Maxwell,V Kohli,KH Pandya,0,0,0,0,0,NA,NA,NA,NA,Royal Challengers Bangalore,Mumbai Indians
1254058,2,8,4,GJ Maxwell,V Kohli,KH Pandya,1,0,1,0,0,Not Applicable,NA,NA,NA,Royal Challengers Bangalore,Mumbai Indians
1254058,2,8,5,V Kohli,GJ Maxwell,KH Pandya,1,0,1,0,7,NA,,NA,NA,Royal Challengers Bangalore,Mumbai Indians
1254058,2,8,6,GJ Maxwell,V Kohli,KH Pandya,4,0,4,0,0,NA,NA,NA,NA,Royal Challengers Bangalore,MI
1254058,2,9,1,V Kohli,GJ Maxwell,M Jansen,0,0,0,0,0,NA,NA,NA,NA,Royal Challengers Bangalore,MI
1254058,2,9,2,V Kohli,GJ Maxwell,M Jansen,1,0,1,0,0,NA,NA,NA,NA,Royal Challengers Bangalore,Mumbai Indians
1254058,2,9,3,GJ Maxwell,V Kohli,M Jansen,1,0,1,0,0,NA,NA,Not Applicable,NA,Royal Challengers Bangalore,Mumbai Indians
1254058,2,9,4,V Kohli,GJ Maxwell,M Jansen,1,0,1,0,0,NA,NA,NA,NA,Royal Challengers Bangalore,Mumbai Indians
1254058,2,9,5,GJ Maxwell,V Kohli,M Jansen,0,1,1,0,0,NA,NA,NA,wides,Royal Challengers Bangalore,Mumbai Indians
1254058,2,9,6,GJ Maxwell,V Kohli,M Jansen,0,0,0,0,0,NA,NA,NA,NA,Royal Challengers Bangalore,Mumbai Indians
1254058,2,9,7,GJ Maxwell,V Kohli,M Jansen,0,1,1,0,0,NA,NA,NA,wides,Royal Challengers Bangalore,Mumbai Indians
1254058,2,9,8,GJ Maxwell,V Kohli,M Jansen,1,0,1,0,0,NA,NA,NA,NA,Royal Challengers Bangalore,Mumbai Indians
1254058,2,10,1,GJ Maxwell,V Kohli,KH Pandya,6,0,6,0,0,NA,NA,NA,NA,Royal Challengers Bangalore,Mumbai Indians
1254058,2,10,2,GJ Maxwell,V Kohli,KH Pandya,1,0,1,0,0,,NA,NA,NA,Royal Challengers Bangalore,Mumbai Indians
1254058,2,10,3,V Kohli,GJ Maxwell,KH Pandya,0,0,0,0,0,NA,NA,NA,NA,Royal Challengers Bangalore,Mumbai Indians
1254058,2,10,4,V Kohli,GJ Maxwell,KH Pandya,0,0,0,0,0,NA,NA,NA,NA,Royal Challengers Bangalore,Mumbai Indians
1254058,2,10,5,V Kohli,GJ Maxwell,KH Pandya,1,0,1,0,0,NA,NA,NA,NA,Royal Challengers Bangalore,Mumbai Indians
1254058,2,10,6,GJ Maxwell,V Kohli,KH Pandya,1,0,1,0,0,NA,,NA,NA,Royal Challengers Bangalore,Mumbai Indians
1254058,2,11,1,GJ Maxwell,V Kohli,RD Chahar,6,0,6,0,0,NA,NA,NA,NA,Royal Challengers Bangalore,Mumbai Indians
1254058,2,11,2,GJ Maxwell,V Kohli,RD Chahar,1,0,1,0,0,NA,NA,NA,NA,Royal Challengers Bangalore,Mumbai Indians
1254058,2,11,3,V Kohli,GJ Maxwell,RD Chahar,2,0,2,0,0,NA,NA,NA,NA,Royal Challengers Bangalore,Mumbai Indians
1254058,2,11,4,V Kohli,GJ Maxwell,RD Chahar,0,0,0,0,0,,NA,,NA,Royal Challengers Bangalore,Mumbai Indians
1254058,2,11,5,V Kohli,GJ Maxwell,RD Chahar,1,0,1,0,0,NA,NA,NA,NA,Royal Challengers Bangalore,Mumbai Indians
1254058,2,11,6,GJ Maxwell,V Kohli,RD Chahar,1,0,1,0,0,NA,NA,NA,NA,Royal Challengers Bangalore,Mumbai Indians
1254058,2,12,1,GJ Maxwell,V Kohli,JJ Bumrah,2,0,2,0,0,NA,NA,NA,NA,Royal Challengers Bangalore,Mumbai Indians
1254058,2,12,2,GJ Maxwell,V Kohli,JJ Bumrah,1,0,1,0,0,NA,NA,NA,NA,Royal Challengers Bangalore,Mumbai Indians
1254058,2,12,3,V Kohli,GJ Maxwell,JJ Bumrah,0,0,0,0,1,lbw,V Kohli,NA,NA,Royal Challengers Bangalore,Mumbai Indians
1254058,2,12,4,AB de Villiers,GJ Maxwell,JJ Bumrah,0,0,0,0,0,NA,NA,,NA,Royal Challengers Bangalore,Mumbai Indians
1254058,2,12,5,AB de Villiers,GJ Maxwell,JJ Bumrah,1,0,1,0,0,NA,NA,NA,NA,Royal Challengers Bangalore,Mumbai Indians
1254058,2,12,6,GJ Maxwell,AB de Villiers,JJ Bumrah,0,0,0,0,0,NA,NA,NA,NA,Royal Challengers Bangalore,Mumbai Indians
1254058,2,13,1,AB de Villiers,GJ Maxwell,RD Chahar,0,0,0,0,0,NA,NA,NA,NA,Royal Challengers Bangalore,Mumbai Indians
1254058,2,13,2,AB de Villiers,GJ Maxwell,RD Chahar,1,0,1,0,0,,NA,NA,NA,Royal Challengers Bangalore,Mumbai Indians
1254058,2,13,3,GJ Maxwell,AB de Villiers,RD Chahar,1,0,1,0,0,NA,NA,NA,NA,Royal Challengers Bangalore,Mumbai Indians
1254058,2,13,4,AB de Villiers,GJ Maxwell,RD Chahar,1,0,1,0,0,NA,NA,,NA,Royal Challengers Bangalore,Mumbai Indians
1254058,2,13,5,GJ Maxwell,AB de Villiers,RD Chahar,0,0,0,0,0,,NA,NA,NA,Royal Challengers Bangalore,Mumbai Indians
1254058,2,13,6,GJ Maxwell,AB de Villiers,RD Chahar,1,0,1,0,0,NA,NA,NA,NA,RCB,Mumbai Indians
1254058,2,14,1,GJ Maxwell,AB de Villiers,M Jansen,0,0,0,0,1,caught,GJ Maxwell,CA Lynn,NA,Royal Challengers Bangalore,Mumbai Indians
1254058,2,14,2,Shahbaz Ahmed,AB de Villiers,M Jansen,0,1,1,0,0,NA,NA,NA,wides,Royal Challengers Bangalore,Mumbai Indians
1254058,2,14,3,Shahbaz Ahmed,AB de Villiers,M Jansen,1,0,1,0,0,NA,NA,NA,NA,Royal Challengers Bangalore,Mumbai Indians
1254058,2,14,4,AB de Villiers,Shahbaz Ahmed,M Jansen,0,0,0,0,0,NA,NA,NA,NA,Royal Challengers Bangalore,Mumbai Indians
1254058,2,14,5,AB de Villiers,Shahbaz Ahmed,M Jansen,0,0,0,0,0,NA,NA,NA,NA,RCB,Mumbai Indians
1254058,2,14,6,AB de Villiers,Shahbaz Ahmed,M Jansen,1,0,1,0,0,NA,NA,NA,NA,Royal Challengers Bangalore,Mumbai Indians
1254058,2,14,7,Shahbaz Ahmed,AB de Villiers,M Jansen,0,0,0,0,1,caught,Shahbaz Ahmed,KH Pandya,NA,Royal Challengers Bangalore,Mumbai Indians
1254058,2,15,1,AB de Villiers,DT Christian,RD Chahar,4,0,4,0,0,NA,NA,NA,NA,Royal Challengers Bangalore,Mumbai Indians
1254058,2,15,2,AB de Villiers,DT Christian,RD Chahar,6,0,6,0,0,NA,NA,NA,NA,Royal Challengers Bangalore,MI
1254058,2,15,3,AB de Villiers,DT Christian,RD Chahar,1,0,1,0,0,NA,NA,NA,NA,Royal Challengers Bangalore,Mumbai Indians
1254058,2,15,4,DT Christian,AB de Villiers,RD Chahar,1,0,1,0,0,NA,NA,NA,NA,Royal Challengers Bangalore,Mumbai Indians
1254058,2,15,5,AB de Villiers,DT Christian,RD Chahar,2,0,2,0,0,NA,NA,NA,NA,Royal Challengers Bangalore,Mumbai Indians
1254058,2,15,6,AB de Villiers,DT Christian,RD Chahar,1,0,1,0,2,NA,,NA,NA,Royal Challengers Bangalore,Mumbai Indians
1254058,2,16,1,AB de Villiers,DT Christian,JJ Bumrah,1,0,1,0,0,NA,NA,NA,NA,Royal Challengers Bangalore,Mumbai Indians
1254058,2,16,2,DT Christian,AB de Villiers,JJ Bumrah,0,0,0,0,0,NA,NA,NA,NA,Royal Challengers Bangalore,Mumbai Indians
1254058,2,16,3,DT Christian,AB de Villiers,JJ Bumrah,0,0,0,0,1,caught,DT Christian,RD Chahar,NA,Royal Challengers Bangalore,Mumbai Indians
1254058,2,16,4,KA Jamieson,AB de Villiers,JJ Bumrah,0,0,0,0,0,NA,NA,NA,NA,Royal Challengers Bangalore,Mumbai Indians
1254058,2,16,5,KA Jamieson,AB de Villiers,JJ Bumrah,3,0,3,0,0,NA,NA,NA,NA,Royal Challengers Bangalore,Mumbai Indians
1254058,2,16,6,AB de Villiers,KA Jamieson,JJ Bumrah,1,0,1,0,0,NA,NA,NA,NA,Royal Challengers Bangalore,Mumbai Indians
1254058,2,17,1,AB de Villiers,KA Jamieson,TA Boult,6,0,6,0,8,NA,NA,NA,NA,Royal Challengers Bangalore,mi
1254058,2,17,2,AB de Villiers,KA Jamieson,TA Boult,1,0,1,0,0,NA,NA,NA,NA,Royal Challengers Bangalore,Mumbai Indians
1254058,2,17,3,KA Jamieson,AB de Villiers,TA Boult,1,0,1,0,0,NA,NA,NA,NA,Royal Challengers Bangalore,Mumbai Indians
1254058,2,17,4,AB de Villiers,KA Jamieson,TA Boult,4,0,4,0,0,NA,NA,NA,NA,Royal Challengers Bangalore,Mumbai Indians
1254058,2,17,5,AB de Villiers,KA Jamieson,TA Boult,2,0,2,0,0,NA,NA,NA,NA,Royal Challengers Bangalore,Mumbai Indians
1254058,2,17,6,AB de Villiers,KA Jamieson,TA Boult,1,0,1,0,0,NA,NA,NA,NA,Royal Challengers Bangalore,Mumbai Indians
1254058,2,18,1,AB de Villiers,KA Jamieson,JJ Bumrah,4,0,4,0,0,NA,,,NA,Royal Challengers Bangalore,Mumbai Indians
1254058,2,18,2,AB de Villiers,KA Jamieson,JJ Bumrah,2,0,2,0,0,NA,NA,NA,NA,Royal Challengers Bangalore,Mumbai Indians
1254058,2,18,3,AB de Villiers,KA Jamieson,JJ Bumrah,4,0,4,0,0,NA,NA,NA,NA,Royal Challengers Bangalore,Mumbai Indians
1254058,2,18,4,AB de Villiers,KA Jamieson,JJ Bumrah,1,0,1,0,0,NA,NA,NA,NA,Royal Challengers Bangalore,Mumbai Indians
1254058,2,18,5,KA Jamieson,AB de Villiers,JJ Bumrah,0,0,0,0,1,run out,KA Jamieson,NA,NA,Royal Challengers Bangalore,Mumbai Indians
1254058,2,18,6,AB de Villiers,HV Patel,JJ Bumrah,1,0,1,0,0,NA,NA,NA,NA,Royal Challengers Bangalore,Mumbai Indians
1254058,2,19,1,AB de Villiers,HV Patel,M Jansen,1,0,1,0,0,NA,NA,NA,NA,Royal Challengers Bangalore,Mumbai Indians
1254058,2,19,2,HV Patel,AB de Villiers,M Jansen,2,0,2,0,0,NA,NA,NA,NA,Royal Challengers Bangalore,Mumbai Indians
1254058,2,19,3,HV Patel,AB de Villiers,M Jansen,1,0,1,0,0,NA,NA,NA,NA,Royal Challengers Bangalore,Mumbai Indians
1254058,2,19,4,AB de Villiers,HV Patel,M Jansen,1,0,1,0,1,run out,AB de Villiers,NA,NA,Royal Challengers Bangalore,Mumbai Indians
1254058,2,19,5,Mohammed Siraj,HV Patel,M Jansen,0,1,1,0,0,NA,NA,NA,legbyes,Royal Challengers Bangalore,Mumbai Indians
1254058,2,19,6,HV Patel,Mohammed Siraj,M Jansen,1,0,1,0,0,NA,NA,NA,NA,Royal Challengers Bangalore,Mumbai Indians
1254059,1,0,1,RD Gaikwad,F du Plessis,CR Woakes,0,0,0,0,0,NA,NA,NA,NA,Chennai Super Kings,Delhi Capitals
1254059,1,0,2,RD Gaikwad,F du Plessis,CR Woakes,0,0,0,0,0,NA,NA,NA,NA,CSK,Delhi Capitals
1254059,1,0,3,RD Gaikwad,F du Plessis,CR Woakes,4,0,4,0,0,NA,NA,NA,NA,Chennai Super Kings,Delhi Capitals
1254059,1,0,4,RD Gaikwad,F du Plessis,CR Woakes,0,1,1,0,0,NA,NA,NA,legbyes,Chennai Super Kings,Delhi Capitals
1254059,1,0,5,F du Plessis,RD Gaikwad,CR Woakes,0,0,0,0,0,NA,NA,NA,NA,Chennai Super Kings,Delhi Capitals
1254059,1,0,6,F du Plessis,RD Gaikwad,CR Woakes,0,0,0,0,0,NA,NA,NA,NA,Chennai Super Kings,Delhi Capitals
1254059,1,1,1,RD Gaikwad,F du Plessis,Avesh Khan,0,1,1,0,0,NA,NA,NA,wides,Chennai Super Kings,Delhi Capitals
1254059,1,1,2,RD Gaikwad,F du Plessis,Avesh Khan,0,0,0,0,0,NA,NA,NA,NA,Chennai Super Kings,Delhi Capitals
1254059,1,1,3,RD Gaikwad,F du Plessis,Avesh Khan,0,0,0,0,0,NA,NA,NA,NA,Chennai Super Kings,Delhi Capitals
1254059,1,1,4,RD Gaikwad,F du Plessis,Avesh Khan,1,0,1,0,0,NA,NA,NA,NA,Chennai Super Kings,Delhi Capitals
1254059,1,1,5,F du Plessis,RD Gaikwad,Avesh Khan,0,0,0,0,1,lbw,F du Plessis,NA,NA,Chennai Super Kings,Delhi Capitals
1254059,1,1,6,MM Ali,RD Gaikwad,Avesh Khan,0,0,0,0,0,NA,NA,NA,NA,Chennai Super Kings,Delhi Capitals
1254059,1,1,7,MM Ali,RD Gaikwad,Avesh Khan,0,0,0,0,0,NA,NA,NA,NA,Chennai Super Kings,Delhi Capitals
1254059,1,2,1,RD Gaikwad,MM Ali,CR Woakes,0,0,0,0,1,caught,RD Gaikwad,S Dhawan,NA,Chennai Super Kings,Delhi Capitals
1254059,1,2,2,SK Raina,MM Ali,CR Woakes,0,0,0,0,0,NA,NA,NA,NA,Chennai Super Kings,Delhi Capitals
1254059,1,2,3,SK Raina,MM Ali,CR Woakes,0,0,0,0,0,NA,NA,NA,NA,Chennai Super Kings,Delhi Capitals
1254059,1,2,4,SK Raina,MM Ali,CR Woakes,0,0,0,0,0,NA,NA,NA,NA,Chennai Super Kings,DC
1254059,1,2,5,SK Raina,MM Ali,CR Woakes,0,0,0,0,0,NA,NA,NA,NA,Chennai Super Kings,Delhi Capitals
1254059,1,2,6,SK Raina,MM Ali,CR Woakes,4,0,4,0,0,NA,NA,NA,NA,Chennai Super Kings,Delhi Capitals
1254059,1,3,1,MM Ali,SK Raina,Avesh Khan,0,0,0,0,0,NA,NA,NA,NA,Chennai Super Kings,Delhi Capitals
1254059,1,3,2,MM Ali,SK Raina,Avesh Khan,0,0,0,0,0,NA,NA,NA,NA,Chennai Super Kings,Delhi Capitals
1254059,1,3,3,MM Ali,SK Raina,Avesh Khan,0,0,0,0,0,NA,NA,NA,NA,Chennai Super Kings,Delhi Capitals
1254059,1,3,4,MM Ali,SK Raina,Avesh Khan,4,0,4,0,0,NA,NA,NA,NA,Chennai Super Kings,Delhi Capitals
1254059,1,3,5,MM Ali,SK Raina,Avesh Khan,4,0,4,0,9,NA,NA,NA,NA,Chennai Super Kings,Delhi Capitals
1254059,1,3,6,MM Ali,SK Raina,Avesh Khan,1,0,1,0,0,NA,Not Applicable,NA,NA,Chennai Super Kings,Delhi Capitals
1254059,1,4,1,MM Ali,SK Raina,R Ashwin,1,0,1,0,0,NA,Not Applicable,NA,NA,Chennai Super Kings,Delhi Capitals
1254059,1,4,2,SK Raina,MM Ali,R Ashwin,0,0,0,0,0,NA,Not Applicable,NA,NA,Chennai Super Kings,Delhi Capitals
1254059,1,4,3,SK Raina,MM Ali,R Ashwin,4,0,4,0,0,NA,Not Applicable,NA,NA,Chennai Super Kings,Delhi Capitals
1254059,1,4,4,SK Raina,MM Ali,R Ashwin,4,0,4,0,0,NA,Not Applicable,NA,NA,Chennai Super Kings,Delhi Capitals
1254059,1,4,5,SK Raina,MM Ali,R Ashwin,0,1,1,0,0,NA,Not Applicable,NA,legbyes,Chennai Super Kings,Delhi Capitals
1254059,1,4,6,MM Ali,SK Raina,R Ashwin,0,0,0,0,0,NA,Not Applicable,NA,NA,Chennai Super Kings,Delhi Capitals
1254059,1,5,1,SK Raina,MM Ali,TK Curran,1,0,1,0,0,NA,Not Applicable,NA,NA,Chennai Super Kings,Delhi Capitals
1254059,1,5,2,MM Ali,SK Raina,TK Curran,1,0,1,0,0,NA,Not Applicable,NA,NA,Chennai Super Kings,Delhi Capitals
1254059,1,5,3,SK Raina,MM Ali,TK Curran,0,0,0,0,0,NA,Not Applicable,NA,NA,Chennai Super Kings,Delhi Capitals
1254059,1,5,4,SK Raina,MM Ali,TK Curran,0,0,0,0,0,NA,Not Applicable,NA,NA,Chennai Super Kings,Delhi Capitals
1254059,1,5,5,SK Raina,MM Ali,TK Curran,1,0,1,0,0,NA,Not Applicable,NA,NA,Chennai Super Kings,Delhi Capitals
1254059,1,5,6,MM Ali,SK Raina,TK Curran,0,0,0,0,0,NA,Not Applicable,NA,NA,Chennai Super Kings,DC
1254059,1,6,1,SK Raina,MM Ali,R Ashwin,1,0,1,0,0,NA,Not Applicable,NA,NA,Chennai Super Kings,DC
1254059,1,6,2,MM Ali,SK Raina,R Ashwin,4,0,4,0,0,NA,Not Applicable,NA,NA,Chennai Super Kings,DC
1254059,1,6,3,MM Ali,SK Raina,R Ashwin,4,0,4,0,0,NA,Not Applicable,NA,NA,Chennai Super Kings,Delhi Capitals
1254059,1,6,4,MM Ali,SK Raina,R Ashwin,0,0,0,0,0,NA,NA,NA,NA,Chennai Super Kings,Delhi Capitals
1254059,1,6,5,MM Ali,SK Raina,R Ashwin,1,0,1,0,0,NA,NA,NA,NA,Chennai Super Kings,Delhi Capitals
1254059,1,6,6,SK Raina,MM Ali,R Ashwin,0,0,0,0,0,NA,NA,NA,NA,Chennai Super Kings,Delhi Capitals
1254059,1,7,1,MM Ali,SK Raina,A Mishra,2,0,2,0,0,NA,NA,NA,NA,Chennai Super Kings,Delhi Capitals
1254059,1,7,2,MM Ali,SK Raina,A Mishra,0,0,0,0,0,NA,NA,NA,NA,Chennai Super Kings,Delhi Capitals
1254059,1,7,3,MM Ali,SK Raina,A Mishra,0,0,0,0,0,NA,NA,NA,NA,Chennai Super Kings,Delhi Capitals
1254059,1,7,4,MM Ali,SK Raina,A Mishra,1,0,1,0,0,NA,NA,NA,NA,Chennai Super Kings,Delhi Capitals
1254059,1,7,5,SK Raina,MM Ali,A Mishra,1,0,1,0,0,NA,NA,NA,NA,Chennai Super Kings,Delhi Capitals
1254059,1,7,6,MM Ali,SK Raina,A Mishra,1,0,1,0,0,NA,NA,NA,NA,Chennai Super Kings,Delhi Capitals
1254059,1,8,1,MM Ali,SK Raina,R Ashwin,6,0,6,0,0,NA,NA,NA,NA,Chennai Super Kings,Delhi Capitals
1254059,1,8,2,MM Ali,SK Raina,R Ashwin,6,0,6,0,0,NA,NA,NA,NA,Chennai Super Kings,Delhi Capitals
1254059,1,8,3,MM Ali,SK Raina,R Ashwin,0,0,0,0,1,caught,MM Ali,S Dhawan,NA,Chennai Super Kings,Delhi Capitals
1254059,1,8,4,SK Raina,AT Rayudu,R Ashwin,0,0,0,0,0,NA,NA,NA,NA,Chennai Super Kings,Delhi Capitals
1254059,1,8,5,SK Raina,AT Rayudu,R Ashwin,0,0,0,0,0,NA,NA,NA,NA,Chennai Super Kings,Delhi Capitals
1254059,1,8,6,SK Raina,AT Rayudu,R Ashwin,6,0,6,0,0,NA,NA,NA,NA,Chennai Super Kings,Delhi Capitals
1254059,1,9,1,AT Rayudu,SK Raina,A Mishra,1,0,1,0,0,NA,NA,NA,NA,Chennai Super Kings,Delhi Capitals
1254059,1,9,2,SK Raina,AT Rayudu,A Mishra,1,0,1,0,0,NA,NA,NA,NA,Chennai Super Kings,Delhi Capitals
1254059,1,9,3,AT Rayudu,SK Raina,A Mishra,0,0,0,0,0,NA,NA,NA,NA,Chennai Super Kings,Delhi Capitals
1254059,1,9,4,AT Rayudu,SK Raina,A Mishra,1,0,1,0,0,NA,NA,NA,NA,Chennai Super Kings,Delhi Capitals
1254059,1,9,5,SK Raina,AT Rayudu,A Mishra,0,0,0,0,0,NA,NA,NA,NA,Chennai Super Kings,Delhi Capitals
1254059,1,9,6,SK Raina,AT Rayudu,A Mishra,2,0,2,0,0,NA,NA,NA,NA,Chennai Super Kings,Delhi Capitals
1254059,1,10,1,AT Rayudu,SK Raina,R Ashwin,6,0,6,0,0,NA,NA,NA,NA,Chennai Super Kings,Delhi Capitals
1254059,1,10,2,AT Rayudu,SK Raina,R Ashwin,1,0,1,0,0,NA,NA,NA,NA,Chennai Super Kings,Delhi Capitals
1254059,1,10,3,SK Raina,AT Rayudu,R Ashwin,1,0,1,0,0,NA,NA,NA,NA,Chennai Super Kings,Delhi Capitals
1254059,1,10,4,AT Rayudu,SK Raina,R Ashwin,0,0,0,0,0,NA,NA,NA,NA,Chennai Super Kings,Delhi Capitals
1254059,1,10,5,AT Rayudu,SK Raina,R Ashwin,1,0,1,0,0,NA,NA,NA,NA,csk,Delhi Capitals
1254059,1,10,6,SK Raina,AT Rayudu,R Ashwin,1,0,1,0,0,NA,NA,NA,NA,Chennai Super Kings,Delhi Capitals
1254059,1,11,1,SK Raina,AT Rayudu,A Mishra,6,0,6,0,0,NA,NA,NA,NA,Chennai Super Kings,Delhi Capitals
1254059,1,11,2,SK Raina,AT Rayudu,A Mishra,2,0,2,0,0,NA,NA,NA,NA,Chennai Super Kings,Delhi Capitals
1254059,1,11,3,SK Raina,AT Rayudu,A Mishra,6,0,6,0,0,NA,NA,NA,NA,Chennai Super Kings,Delhi Capitals
1254059,1,11,4,SK Raina,AT Rayudu,A Mishra,1,0,1,0,0,NA,NA,NA,NA,Chennai Super Kings,Delhi Capitals
1254059,1,11,5,AT Rayudu,SK Raina,A Mishra,1,0,1,0,0,NA,NA,NA,NA,Chennai Super Kings,Delhi Capitals
1254059,1,11,6,SK Raina,AT Rayudu,A Mishra,1,0,1,0,0,NA,NA,NA,NA,Chennai Super Kings,DC
1254059,1,12,1,SK Raina,AT Rayudu,MP Stoinis,1,0,1,0,0,NA,NA,NA,NA,Chennai Super Kings,Delhi Capitals
1254059,1,12,2,AT Rayudu,SK Raina,MP Stoinis,6,1,7,0,0,NA,NA,NA,noballs,Chennai Super Kings,Delhi Capitals
1254059,1,12,3,AT Rayudu,SK Raina,MP Stoinis,0,4,4,0,0,NA,NA,NA,legbyes,Chennai Super Kings,Delhi Capitals
1254059,1,12,4,AT Rayudu,SK Raina,MP Stoinis,0,0,0,0,0,NA,NA,NA,NA,Chennai Super Kings,Delhi Capitals
1254059,1,12,5,AT Rayudu,SK Raina,MP Stoinis,1,0,1,0,0,NA,NA,NA,NA,Chennai Super Kings,Delhi Capitals
1254059,1,12,6,SK Raina,AT Rayudu,MP Stoinis,0,0,0,0,0,NA,NA,NA,NA,Chennai Super Kings,Delhi Capitals
1254059,1,12,7,SK Raina,AT Rayudu,MP Stoinis,6,0,6,0,0,NA,NA,NA,NA,Chennai Super Kings,Delhi Capitals
1254059,1,13,1,AT Rayudu,SK Raina,TK Curran,0,0,0,0,0,NA,NA,NA,NA,Chennai Super Kings,Delhi Capitals
1254059,1,13,2,AT Rayudu,SK Raina,TK Curran,1,0,1,0,0,NA,NA,NA,NA,Chennai Super Kings,Delhi Capitals
1254059,1,13,3,SK Raina,AT Rayudu,TK Curran,1,0,1,0,0,NA,NA,NA,NA,Chennai Super Kings,Delhi Capitals
1254059,1,13,4,AT Rayudu,SK Raina,TK Curran,4,0,4,0,0,NA,NA,NA,NA,Chennai Super Kings,Delhi Capitals
1254059,1,13,5,AT Rayudu,SK Raina,TK Curran,0,0,0,0,1,caught,AT Rayudu,S Dhawan,NA,Chennai Super Kings,Delhi Capitals
1254059,1,13,6,SK Raina,RA Jadeja,TK Curran,1,0,1,0,0,NA,NA,NA,NA,CSK,Delhi Capitals
1254059,1,14,1,SK Raina,RA Jadeja,MP Stoinis,1,0,1,0,0,NA,NA,NA,NA,Chennai Super Kings,Delhi Capitals
1254059,1,14,2,RA Jadeja,SK Raina,MP Stoinis,4,0,4,0,0,NA,NA,NA,NA,Chennai Super Kings,Delhi Capitals
1254059,1,14,3,RA Jadeja,SK Raina,MP Stoinis,4,0,4,0,0,NA,NA,NA,NA,Chennai Super Kings,Delhi Capitals
1254059,1,14,4,RA Jadeja,SK Raina,MP Stoinis,0,1,1,0,0,NA,NA,NA,legbyes,Chennai Super Kings,Delhi Capitals
1254059,1,14,5,SK Raina,RA Jadeja,MP Stoinis,1,0,1,0,0,NA,NA,NA,NA,Chennai Super Kings,Delhi Capitals
1254059,1,14,6,RA Jadeja,SK Raina,MP Stoinis,1,0,1,0,0,NA,NA,NA,NA,Chennai Super Kings,Delhi Capitals
1254059,1,15,1,RA Jadeja,SK Raina,Avesh Khan,1,0,1,0,1,run out,SK Raina,NA,NA,Chennai Super Kings,Delhi Capitals
1254059,1,15,2,MS Dhoni,RA Jadeja,Avesh Khan,0,0,0,0,0,NA,NA,NA,NA,Chennai Super Kings,Delhi Capitals
1254059,1,15,3,MS Dhoni,RA Jadeja,Avesh Khan,0,0,0,0,1,bowled,MS Dhoni,NA,NA,Chennai Super Kings,Delhi Capitals
1254059,1,15,4,SM Curran,RA Jadeja,Avesh Khan,4,0,4,0,0,NA,NA,NA,NA,Chennai Super Kings,Delhi Capitals
1254059,1,15,5,SM Curran,RA Jadeja,Avesh Khan,1,0,1,0,0,NA,NA,NA,NA,Chennai Super Kings,Delhi Capitals
1254059,1,15,6,RA Jadeja,SM Curran,Avesh Khan,1,0,1,0,0,NA,NA,NA,NA,Chennai Super Kings,Delhi Capitals
1254059,1,16,1,RA Jadeja,SM Curran,TK Curran,1,0,1,0,0,NA,NA,NA,NA,Chennai Super Kings,Delhi Capitals
1254059,1,16,2,SM Curran,RA Jadeja,TK Curran,1,0,1,0,0,NA,NA,NA,NA,Chennai Super Kings,Delhi Capitals
1254059,1,16,3,RA Jadeja,SM Curran,TK Curran,0,0,0,0,0,NA,NA,Not Applicable,NA,Chennai Super Kings,Delhi Capitals
1254059,1,16,4,RA Jadeja,SM Curran,TK Curran,1,0,67,0,0,NA,NA,NA,NA,Chennai Super Kings,Delhi Capitals
1254059,1,16,5,SM Curran,RA Jadeja,TK Curran,22,0,0,0,0,NA,NA,NA,NA,Chennai Super Kings,Delhi Capitals
1254059,1,16,6,SM Curran,RA Jadeja,TK Curran,4,0,4,0,0,NA,NA,NA,NA,Chennai Super Kings,Delhi Capitals
1254059,1,17,1,RA Jadeja,SM Curran,Avesh Khan,1,0,1,0,0,NA,NA,NA,NA,Chennai Super Kings,Delhi Capitals
1254059,1,17,2,SM Curran,RA Jadeja,Avesh Khan,0,0,0,0,0,NA,NA,NA,NA,Chennai Super Kings,Delhi Capitals
1254059,1,17,3,SM Curran,RA Jadeja,Avesh Khan,1,0,1,0,0,NA,NA,NA,NA,Chennai Super Kings,Delhi Capitals
1254059,1,17,4,RA Jadeja,SM Curran,Avesh Khan,1,0,1,0,0,NA,NA,NA,NA,Chennai Super Kings,Delhi Capitals
1254059,1,17,5,SM Curran,RA Jadeja,Avesh Khan,1,0,1,0,0,NA,NA,NA,NA,Chennai Super Kings,Delhi Capitals
1254059,1,17,6,RA Jadeja,SM Curran,Avesh Khan,1,0,1,0,0,NA,NA,NA,NA,Chennai Super Kings,DC
1254059,1,18,1,RA Jadeja,SM Curran,TK Curran,4,0,4,0,0,NA,NA,NA,NA,Chennai Super Kings,Delhi Capitals
1254059,1,18,2,RA Jadeja,SM Curran,TK Curran,1,0,1,0,0,NA,NA,NA,NA,Chennai Super Kings,Delhi Capitals
1254059,1,18,3,SM Curran,RA Jadeja,TK Curran,0,1,1,0,0,NA,NA,NA,wides,Chennai Super Kings,Delhi Capitals
1254059,1,18,4,SM Curran,RA Jadeja,TK Curran,6,0,6,0,0,NA,NA,NA,NA,Chennai Super Kings,Delhi Capitals
1254059,1,18,5,SM Curran,RA Jadeja,TK Curran,6,0,6,0,0,NA,NA,NA,NA,Chennai Super Kings,Delhi Capitals
1254059,1,18,6,SM Curran,RA Jadeja,TK Curran,4,0,4,0,0,NA,NA,NA,NA,Chennai Super Kings,Delhi Capitals
1254059,1,18,7,SM Curran,RA Jadeja,TK Curran,1,0,1,0,0,NA,NA,NA,NA,Chennai Super Kings,Delhi Capitals
1254059,1,19,1,SM Curran,RA Jadeja,CR Woakes,4,0,4,0,5,NA,NA,NA,NA,Chennai Super Kings,Delhi Capitals
1254059,1,19,2,SM Curran,RA Jadeja,CR Woakes,1,0,1,0,0,NA,NA,NA,NA,Chennai Super Kings,Delhi Capitals
1254059,1,19,3,RA Jadeja,SM Curran,CR Woakes,2,0,2,0,0,NA,NA,NA,NA,Chennai Super Kings,Delhi Capitals
1254059,1,19,4,RA Jadeja,SM Curran,CR Woakes,2,0,2,0,0,NA,NA,NA,NA,Chennai Super Kings,Delhi Capitals
1254059,1,19,5,RA Jadeja,SM Curran,CR Woakes,1,0,1,0,0,NA,NA,NA,NA,Chennai Super Kings,Delhi Capitals
1254059,1,19,6,SM Curran,RA Jadeja,CR Woakes,0,0,0,0,2,bowled,SM Curran,NA,NA,Chennai Super Kings,Delhi Capitals
1254059,2,0,1,PP Shaw,S Dhawan,DL Chahar,0,0,0,0,0,NA,NA,NA,NA,Delhi Capitals,Chennai Super Kings
1254059,2,0,2,PP Shaw,S Dhawan,DL Chahar,4,0,4,0,0,NA,NA,NA,NA,Delhi Capitals,Chennai Super Kings
1254059,2,0,3,PP Shaw,S Dhawan,DL Chahar,1,0,1,0,0,NA,NA,NA,NA,Delhi Capitals,Chennai Super Kings
1254059,2,0,4,S Dhawan,PP Shaw,DL Chahar,16,0,4,0,0,NA,NA,NA,NA,Delhi Capitals,Chennai Super Kings
1254059,2,0,5,S Dhawan,PP Shaw,DL Chahar,0,0,0,0,0,NA,NA,NA,NA,Delhi Capitals,Chennai Super Kings
1254059,2,0,6,S Dhawan,PP Shaw,DL Chahar,0,0,0,0,0,NA,NA,NA,NA,Delhi Capitals,Chennai Super Kings
1254059,2,1,1,PP Shaw,S Dhawan,SM Curran,1,0,1,0,0,NA,NA,NA,NA,Delhi Capitals,Chennai Super Kings
1254059,2,1,2,S Dhawan,PP Shaw,SM Curran,0,0,0,0,0,NA,NA,NA,NA,Delhi Capitals,Chennai Super Kings
1254059,2,1,3,S Dhawan,PP Shaw,SM Curran,0,0,0,0,0,NA,NA,NA,NA,Delhi Capitals,Chennai Super Kings
1254059,2,1,4,S Dhawan,PP Shaw,SM Curran,4,0,4,0,0,NA,NA,NA,NA,Delhi Capitals,Chennai Super Kings
1254059,2,1,5,S Dhawan,PP Shaw,SM Curran,1,0,1,0,0,NA,NA,NA,NA,DC,Chennai Super Kings
1254059,2,1,6,PP Shaw,S Dhawan,SM Curran,1,0,1,0,0,NA,NA,NA,NA,Delhi Capitals,Chennai Super Kings
1254059,2,2,1,PP Shaw,S Dhawan,DL Chahar,0,0,0,0,0,NA,NA,NA,NA,Delhi Capitals,Chennai Super Kings
1254059,2,2,2,PP Shaw,S Dhawan,DL Chahar,6,0,6,0,0,NA,NA,NA,NA,Delhi Capitals,Chennai Super Kings
1254059,2,2,3,PP Shaw,S Dhawan,DL Chahar,0,0,0,0,0,NA,NA,NA,NA,Delhi Capitals,Chennai Super Kings
1254059,2,2,4,PP Shaw,S Dhawan,DL Chahar,0,0,0,0,0,NA,NA,NA,NA,Delhi Capitals,Chennai Super Kings
1254059,2,2,5,PP Shaw,S Dhawan,DL Chahar,1,0,1,0,0,NA,NA,NA,NA,Delhi Capitals,Chennai Super Kings
1254059,2,2,6,S Dhawan,PP Shaw,DL Chahar,1,0,1,0,0,NA,NA,NA,NA,Delhi Capitals,Chennai Super Kings
1254059,2,3,1,S Dhawan,PP Shaw,SM Curran,1,0,1,0,0,NA,NA,NA,NA,Delhi Capitals,Chennai Super Kings
1254059,2,3,2,PP Shaw,S Dhawan,SM Curran,1,0,1,0,0,NA,NA,NA,NA,Delhi Capitals,CSK
1254059,2,3,3,S Dhawan,PP Shaw,SM Curran,4,0,4,0,0,NA,NA,NA,NA,Delhi Capitals,Chennai Super Kings
1254059,2,3,4,S Dhawan,PP Shaw,SM Curran,6,0,6,0,0,NA,NA,NA,NA,Delhi Capitals,Chennai Super Kings
1254059,2,3,5,S Dhawan,PP Shaw,SM Curran,1,0,1,0,0,NA,NA,NA,NA,Delhi Capitals,Chennai Super Kings
1254059,2,3,6,PP Shaw,S Dhawan,SM Curran,4,0,4,0,0,NA,NA,NA,NA,Delhi Capitals,Chennai Super Kings
1254059,2,4,1,S Dhawan,PP Shaw,SN Thakur,0,0,0,0,0,NA,NA,NA,NA,Delhi Capitals,Chennai Super Kings
1254059,2,4,2,S Dhawan,PP Shaw,SN Thakur,4,0,4,0,0,NA,NA,NA,NA,Delhi Capitals,Chennai Super Kings
1254059,2,4,3,S Dhawan,PP Shaw,SN Thakur,1,0,1,0,0,NA,NA,NA,NA,Delhi Capitals,Chennai Super Kings
1254059,2,4,4,PP Shaw,S Dhawan,SN Thakur,4,0,4,0,0,NA,NA,NA,NA,Delhi Capitals,Chennai Super Kings
1254059,2,4,5,PP Shaw,S Dhawan,SN Thakur,4,0,4,0,0,NA,NA,NA,NA,Delhi Capitals,Chennai Super Kings
1254059,2,4,6,PP Shaw,S Dhawan,SN Thakur,4,0,4,0,0,NA,NA,NA,NA,Delhi Capitals,Chennai Super Kings
1254059,2,5,1,S Dhawan,PP Shaw,DL Chahar,1,0,1,0,0,NA,NA,NA,NA,Delhi Capitals,Chennai Super Kings
1254059,2,5,2,PP Shaw,S Dhawan,DL Chahar,4,0,4,0,0,NA,NA,NA,NA,Delhi Capitals,Chennai Super Kings
1254059,2,5,3,PP Shaw,S Dhawan,DL Chahar,0,0,0,0,0,NA,NA,NA,NA,Delhi Capitals,Chennai Super Kings
1254059,2,5,4,PP Shaw,S Dhawan,DL Chahar,1,0,1,0,0,NA,NA,NA,NA,Delhi Capitals,Chennai Super Kings
1254059,2,5,5,S Dhawan,PP Shaw,DL Chahar,0,0,0,0,0,NA,NA,NA,NA,Delhi Capitals,Chennai Super Kings
1254059,2,5,6,S Dhawan,PP Shaw,DL Chahar,1,0,1,0,0,NA,NA,NA,NA,Delhi Capitals,Chennai Super Kings
1254059,2,6,1,S Dhawan,PP Shaw,RA Jadeja,1,0,1,0,0,NA,NA,NA,NA,Delhi Capitals,Chennai Super Kings
1254059,2,6,2,PP Shaw,S Dhawan,RA Jadeja,1,0,1,0,0,NA,NA,NA,NA,Delhi Capitals,Chennai Super Kings
1254059,2,6,3,S Dhawan,PP Shaw,RA Jadeja,0,0,0,0,0,NA,NA,NA,NA,Delhi Capitals,Chennai Super Kings
1254059,2,6,4,S Dhawan,PP Shaw,RA Jadeja,1,0,1,0,0,NA,NA,NA,NA,Delhi Capitals,Chennai Super Kings
1254059,2,6,5,PP Shaw,S Dhawan,RA Jadeja,1,0,1,0,0,NA,NA,NA,NA,Delhi Capitals,Chennai Super Kings
1254059,2,6,6,S Dhawan,PP Shaw,RA Jadeja,1,0,1,0,0,NA,NA,NA,NA,Delhi Capitals,Chennai Super Kings
1254059,2,7,1,S Dhawan,PP Shaw,MM Ali,1,0,1,0,0,NA,NA,NA,NA,Delhi Capitals,Chennai Super Kings
1254059,2,7,2,PP Shaw,S Dhawan,MM Ali,1,0,1,0,0,NA,NA,NA,NA,Delhi Capitals,Chennai Super Kings
1254059,2,7,3,S Dhawan,PP Shaw,MM Ali,0,0,0,0,0,NA,NA,NA,NA,Delhi Capitals,Chennai Super Kings
1254059,2,7,4,S Dhawan,PP Shaw,MM Ali,1,0,1,0,0,NA,NA,NA,NA,Delhi Capitals,Chennai Super Kings
1254059,2,7,5,PP Shaw,S Dhawan,MM Ali,1,0,1,0,0,NA,NA,NA,NA,Delhi Capitals,Chennai Super Kings
1254059,2,7,6,S Dhawan,PP Shaw,MM Ali,1,0,1,0,0,NA,NA,NA,NA,Delhi Capitals,Chennai Super Kings
1254059,2,8,1,S Dhawan,PP Shaw,RA Jadeja,1,0,1,0,0,NA,NA,NA,NA,Delhi Capitals,Chennai Super Kings
1254059,2,8,2,PP Shaw,S Dhawan,RA Jadeja,1,0,1,0,0,NA,NA,NA,NA,Delhi Capitals,Chennai Super Kings
1254059,2,8,3,S Dhawan,PP Shaw,RA Jadeja,2,0,2,0,0,NA,NA,NA,NA,Delhi Capitals,Chennai Super Kings
1254059,2,8,4,S Dhawan,PP Shaw,RA Jadeja,1,0,1,0,0,NA,NA,NA,NA,DC,Chennai Super Kings
1254059,2,8,5,PP Shaw,S Dhawan,RA Jadeja,6,0,6,0,0,NA,NA,NA,NA,Delhi Capitals,Chennai Super Kings
1254059,2,8,6,PP Shaw,S Dhawan,RA Jadeja,0,0,0,0,0,NA,NA,NA,NA,Delhi Capitals,Chennai Super Kings
1254059,2,9,1,S Dhawan,PP Shaw,MM Ali,6,0,6,0,0,NA,NA,NA,NA,Delhi Capitals,Chennai Super Kings
1254059,2,9,2,S Dhawan,PP Shaw,MM Ali,1,0,1,0,0,NA,NA,NA,NA,Delhi Capitals,Chennai Super Kings
1254059,2,9,3,PP Shaw,S Dhawan,MM Ali,1,0,1,0,0,NA,NA,NA,NA,Delhi Capitals,Chennai Super Kings
1254059,2,9,4,S Dhawan,PP Shaw,MM Ali,0,0,0,0,0,NA,NA,NA,NA,Delhi Capitals,Chennai Super Kings
1254059,2,9,5,S Dhawan,PP Shaw,MM Ali,1,0,1,0,0,NA,NA,NA,NA,Delhi Capitals,Chennai Super Kings
1254059,2,9,6,PP Shaw,S Dhawan,MM Ali,4,0,4,0,0,NA,NA,NA,NA,Delhi Capitals,Chennai Super Kings
1254059,2,10,1,S Dhawan,PP Shaw,SN Thakur,2,0,2,0,0,NA,NA,NA,NA,Delhi Capitals,Chennai Super Kings
1254059,2,10,2,S Dhawan,PP Shaw,SN Thakur,1,0,1,0,0,NA,NA,Not Applicable,NA,Delhi Capitals,Chennai Super Kings
1254059,2,10,3,PP Shaw,S Dhawan,SN Thakur,4,0,4,0,0,NA,NA,NA,NA,Delhi Capitals,Chennai Super Kings
1254059,2,10,4,PP Shaw,S Dhawan,SN Thakur,1,0,1,0,0,NA,NA,NA,NA,Delhi Capitals,Chennai Super Kings
1254059,2,10,5,S Dhawan,PP Shaw,SN Thakur,2,0,2,0,0,NA,NA,NA,NA,Delhi Capitals,Chennai Super Kings
1254059,2,10,6,S Dhawan,PP Shaw,SN Thakur,4,0,4,0,0,NA,NA,NA,NA,Delhi Capitals,Chennai Super Kings
1254059,2,11,1,PP Shaw,S Dhawan,DJ Bravo,1,0,1,0,0,NA,NA,NA,NA,Delhi Capitals,Chennai Super Kings
1254059,2,11,2,S Dhawan,PP Shaw,DJ Bravo,4,0,4,0,0,NA,NA,NA,NA,Delhi Capitals,Chennai Super Kings
1254059,2,11,3,S Dhawan,PP Shaw,DJ Bravo,1,0,1,0,0,NA,NA,NA,NA,Delhi Capitals,Chennai Super Kings
1254059,2,11,4,PP Shaw,S Dhawan,DJ Bravo,0,0,0,0,0,NA,NA,NA,NA,Delhi Capitals,Chennai Super Kings
1254059,2,11,5,PP Shaw,S Dhawan,DJ Bravo,1,0,1,0,0,NA,NA,NA,NA,Delhi Capitals,Chennai Super Kings
1254059,2,11,6,S Dhawan,PP Shaw,DJ Bravo,1,0,1,0,0,NA,NA,NA,NA,Delhi Capitals,Chennai Super Kings
1254059,2,12,1,S Dhawan,PP Shaw,MM Ali,0,1,1,0,0,NA,NA,NA,noballs,Delhi Capitals,Chennai Super Kings
1254059,2,12,2,S Dhawan,PP Shaw,MM Ali,1,0,1,0,0,NA,NA,NA,NA,Delhi Capitals,Chennai Super Kings
1254059,2,12,3,PP Shaw,S Dhawan,MM Ali,1,0,1,0,0,NA,NA,NA,NA,Delhi Capitals,Chennai Super Kings
1254059,2,12,4,S Dhawan,PP Shaw,MM Ali,1,0,1,0,0,NA,NA,NA,NA,Delhi Capitals,Chennai Super Kings
1254059,2,12,5,PP Shaw,S Dhawan,MM Ali,6,0,6,0,0,NA,NA,NA,NA,Delhi Capitals,Chennai Super Kings
1254059,2,12,6,PP Shaw,S Dhawan,MM Ali,4,0,4,0,0,NA,NA,NA,NA,Delhi Capitals,Chennai Super Kings
1254059,2,12,7,PP Shaw,S Dhawan,MM Ali,1,0,1,0,0,NA,NA,NA,NA,Delhi Capitals,Chennai Super Kings
1254059,2,13,1,PP Shaw,S Dhawan,DJ Bravo,1,0,1,0,0,NA,NA,NA,NA,Delhi Capitals,Chennai Super Kings
1254059,2,13,2,S Dhawan,PP Shaw,DJ Bravo,1,0,1,0,0,NA,NA,NA,NA,Delhi Capitals,Chennai Super Kings
1254059,2,13,3,PP Shaw,S Dhawan,DJ Bravo,0,0,0,0,1,caught,PP Shaw,MM Ali,NA,Delhi Capitals,Chennai Super Kings
1254059,2,13,4,S Dhawan,RR Pant,DJ Bravo,1,0,1,0,0,NA,NA,NA,NA,Delhi Capitals,Chennai Super Kings
1254059,2,13,5,RR Pant,S Dhawan,DJ Bravo,0,0,0,0,0,NA,NA,NA,NA,Delhi Capitals,Chennai Super Kings
1254059,2,13,6,RR Pant,S Dhawan,DJ Bravo,0,0,0,0,0,NA,NA,NA,NA,Delhi Capitals,Chennai Super Kings
1254059,2,14,1,S Dhawan,RR Pant,DL Chahar,4,0,4,0,0,NA,NA,NA,NA,Delhi Capitals,Chennai Super Kings
1254059,2,14,2,S Dhawan,RR Pant,DL Chahar,1,0,1,0,0,NA,NA,NA,NA,Delhi Capitals,Chennai Super Kings
1254059,2,14,3,RR Pant,S Dhawan,DL Chahar,4,0,4,0,0,NA,NA,NA,NA,Delhi Capitals,Chennai Super Kings
1254059,2,14,4,RR Pant,S Dhawan,DL Chahar,1,0,1,0,0,NA,NA,NA,NA,Delhi Capitals,Chennai Super Kings
1254059,2,14,5,S Dhawan,RR Pant,DL Chahar,1,0,1,0,0,NA,NA,NA,NA,Delhi Capitals,Chennai Super Kings
1254059,2,14,6,RR Pant,S Dhawan,DL Chahar,1,0,1,0,0,Not Applicable,NA,NA,NA,Delhi Capitals,Chennai Super Kings
1254059,2,15,1,RR Pant,S Dhawan,DJ Bravo,0,0,0,0,0,NA,NA,NA,NA,Delhi Capitals,Chennai Super Kings
1254059,2,15,2,RR Pant,S Dhawan,DJ Bravo,1,0,1,0,0,NA,NA,NA,NA,Delhi Capitals,Chennai Super Kings
1254059,2,15,3,S Dhawan,RR Pant,DJ Bravo,4,0,4,0,0,NA,NA,NA,NA,Delhi Capitals,Chennai Super Kings
1254059,2,15,4,S Dhawan,RR Pant,DJ Bravo,0,0,0,0,0,NA,NA,NA,NA,Delhi Capitals,Chennai Super Kings
1254059,2,15,5,S Dhawan,RR Pant,DJ Bravo,1,0,1,0,0,NA,NA,NA,NA,Delhi Capitals,Chennai Super Kings
1254059,2,15,6,RR Pant,S Dhawan,DJ Bravo,0,1,1,0,0,NA,NA,NA,wides,Delhi Capitals,Chennai Super Kings
1254059,2,15,7,RR Pant,S Dhawan,DJ Bravo,0,0,0,0,0,NA,NA,NA,NA,Delhi Capitals,Chennai Super Kings
1254059,2,16,1,S Dhawan,RR Pant,SN Thakur,4,0,4,0,0,NA,NA,NA,NA,Delhi Capitals,Chennai Super Kings
1254059,2,16,2,S Dhawan,RR Pant,SN Thakur,4,0,4,0,0,NA,NA,NA,NA,Delhi Capitals,Chennai Super Kings
1254059,2,16,3,S Dhawan,RR Pant,SN Thakur,0,1,1,0,0,NA,NA,NA,wides,Delhi Capitals,Chennai Super Kings
1254059,2,16,4,S Dhawan,RR Pant,SN Thakur,0,0,0,0,1,lbw,S Dhawan,NA,NA,Delhi Capitals,Chennai Super Kings
1254059,2,16,5,MP Stoinis,RR Pant,SN Thakur,0,0,0,0,0,NA,NA,NA,NA,Delhi Capitals,Chennai Super Kings
1254059,2,16,6,MP Stoinis,RR Pant,SN Thakur,4,0,4,0,0,NA,NA,NA,NA,Delhi Capitals,Chennai Super Kings
1254059,2,16,7,MP Stoinis,RR Pant,SN Thakur,0,1,1,0,0,NA,NA,NA,wides,Delhi Capitals,Chennai Super Kings
1254059,2,16,8,MP Stoinis,RR Pant,SN Thakur,0,0,0,0,0,NA,NA,NA,NA,Delhi Capitals,Chennai Super Kings
1254059,2,17,1,RR Pant,MP Stoinis,DJ Bravo,1,0,1,0,0,NA,NA,NA,NA,Delhi Capitals,Chennai Super Kings
1254059,2,17,2,MP Stoinis,RR Pant,DJ Bravo,1,0,1,0,0,NA,NA,NA,NA,Delhi Capitals,Chennai Super Kings
1254059,2,17,3,RR Pant,MP Stoinis,DJ Bravo,2,0,2,0,0,NA,NA,NA,NA,Delhi Capitals,Chennai Super Kings
1254059,2,17,4,RR Pant,MP Stoinis,DJ Bravo,1,0,1,0,0,NA,NA,NA,NA,Delhi Capitals,Chennai Super Kings
1254059,2,17,5,MP Stoinis,RR Pant,DJ Bravo,4,0,4,0,0,NA,NA,Not Applicable,NA,Delhi Capitals,csk
1254059,2,17,6,MP Stoinis,RR Pant,DJ Bravo,1,0,1,0,0,NA,NA,NA,NA,Delhi Capitals,Chennai Super Kings
1254059,2,18,1,MP Stoinis,RR Pant,SN Thakur,4,0,4,0,0,NA,NA,NA,NA,Delhi Capitals,Chennai Super Kings
1254059,2,18,2,MP Stoinis,RR Pant,SN Thakur,0,0,0,0,0,NA,NA,NA,NA,Delhi Capitals,Chennai Super Kings
1254059,2,18,3,MP Stoinis,RR Pant,SN Thakur,0,0,0,0,1,caught,MP Stoinis,SM Curran,NA,Delhi Capitals,Chennai Super Kings
1254059,2,18,4,RR Pant,SO Hetmyer,SN Thakur,4,0,4,0,0,NA,NA,NA,NA,Delhi Capitals,Chennai Super Kings
1254060,1,0,1,N Rana,Shubman Gill,B Kumar,4,0,4,0,0,NA,NA,NA,NA,Kolkata Knight Riders,Sunrisers Hyderabad
1254060,1,0,2,N Rana,Shubman Gill,B Kumar,0,0,0,0,0,NA,NA,NA,NA,Kolkata Knight Riders,Sunrisers Hyderabad
1254060,1,0,3,N Rana,Shubman Gill,B Kumar,0,0,0,0,0,NA,NA,NA,NA,Kolkata Knight Riders,Sunrisers Hyderabad
1254060,1,0,4,N Rana,Shubman Gill,B Kumar,0,0,0,0,0,NA,NA,NA,NA,Kolkata Knight Riders,SH
1254060,1,0,5,N Rana,Shubman Gill,B Kumar,0,0,0,0,0,NA,NA,NA,NA,Kolkata Knight Riders,Sunrisers Hyderabad
1254060,1,0,6,N Rana,Shubman Gill,B Kumar,0,0,0,0,0,NA,NA,NA,NA,Kolkata Knight Riders,Sunrisers Hyderabad
1254060,1,1,1,Shubman Gill,N Rana,Sandeep Sharma,0,0,0,0,0,NA,NA,NA,NA,Kolkata Knight Riders,Sunrisers Hyderabad
1254060,1,1,2,Shubman Gill,N Rana,Sandeep Sharma,1,0,1,0,0,NA,NA,NA,NA,Kolkata Knight Riders,Sunrisers Hyderabad
1254060,1,1,3,N Rana,Shubman Gill,Sandeep Sharma,4,0,4,0,0,NA,NA,NA,NA,Kolkata Knight Riders,Sunrisers Hyderabad
1254060,1,1,4,N Rana,Shubman Gill,Sandeep Sharma,0,0,0,0,0,NA,NA,NA,NA,Kolkata Knight Riders,Sunrisers Hyderabad
